-0.12439,-0.11916,-0.10722,-0.083868,-0.061638,-0.026205,0.0032535,0.04667,0.071903,0.088511,0.1022,0.11122,0.11737,0.087242,0.07285,0.057623,0.036806,0.029418,0.04654,0.060803,0.075966,-0.092847,-0.075982,-0.058073,-0.040886,-0.025563,-0.042557,-0.059599,-0.076689,0.014833,0.026832,0.075982,0.10653,0.11276,-0.014576,-0.03292,-0.082327,-0.10963,-0.11479,-0.051728,-0.012022,0.00039406,0.012601,0.052419,0.018753,0.0017112,-0.015363,-0.016038,-0.01448,-0.034943,-0.036453,-0.020246,0.00058663,0.022399,0.036405,0.02847,0.016809,0.014319,-0.043708,-0.082805,-0.12687,-0.17458,-0.20841,-0.23701,-0.24295,-0.22851,-0.20039,-0.16481,-0.12294,-0.087455,-0.049476,0.084054,0.097768,0.10263,0.099836,0.084582,0.079747,0.076138,0.076331,0.08429,0.099665,0.10747,0.097585,0.085146,0.079877,0.078397,0.080706,0.11345,0.13887,0.1496,0.13231,0.089432,0.11561,0.1419,0.15138,0.13714,0.095381,-0.093317,-0.085232,-0.092654,-0.083656,-0.084412,-0.12021,-0.12169,-0.12065,0.081477,0.03349,0.0029099,-0.027429,-0.034803,-0.033275,-0.034261,-0.017659,0.010033,0.032625,0.079337
-0.14983,-0.13923,-0.12042,-0.096242,-0.072894,-0.037892,0.0077426,0.046111,0.076343,0.10203,0.1183,0.12924,0.13453,0.092107,0.079393,0.06157,0.043332,0.030656,0.046436,0.063161,0.07754,-0.098526,-0.079721,-0.059363,-0.04453,-0.036772,-0.049751,-0.065076,-0.083693,0.026795,0.039168,0.080109,0.096834,0.10804,-0.025082,-0.044759,-0.08082,-0.10394,-0.11404,-0.052391,-0.014856,0.0049343,0.016815,0.058666,0.018822,0.005616,-0.010958,-0.015091,-0.018569,-0.039909,-0.03707,-0.019096,0.0068999,0.021922,0.0419,0.035693,0.02434,0.015483,-0.025173,-0.068294,-0.13008,-0.17791,-0.21076,-0.23204,-0.24179,-0.23146,-0.20383,-0.16825,-0.1291,-0.086144,-0.033943,0.083901,0.09139,0.098594,0.094848,0.083215,0.075897,0.069998,0.069432,0.084225,0.096199,0.098697,0.08996,0.079464,0.073279,0.072426,0.075488,0.11578,0.13286,0.13377,0.12787,0.11074,0.1088,0.13093,0.13438,0.12627,0.10522,-0.10034,-0.075035,-0.080764,-0.073274,-0.088703,-0.090919,-0.09302,-0.089844,0.076573,0.028571,0.0068943,-0.025731,-0.035659,-0.042408,-0.036109,-0.026802,0.0111,0.030957,0.079639
-0.13653,-0.13015,-0.11866,-0.094317,-0.063294,-0.033478,0.0039289,0.040128,0.06632,0.091286,0.11312,0.12418,0.1247,0.078702,0.065786,0.053002,0.038405,0.02681,0.03865,0.05538,0.071035,-0.083373,-0.070721,-0.055047,-0.043151,-0.029197,-0.044908,-0.057635,-0.076367,0.022243,0.036727,0.076929,0.092753,0.10591,-0.022889,-0.037994,-0.084201,-0.10463,-0.11313,-0.042404,-0.012266,0.0015567,0.018193,0.053787,0.024536,0.0069371,-0.01272,-0.0097093,-0.014471,-0.028899,-0.028579,-0.0099034,0.0029746,0.017609,0.034283,0.035927,0.022936,0.013895,-0.03758,-0.071524,-0.11979,-0.17312,-0.21325,-0.23769,-0.2437,-0.23402,-0.21139,-0.17175,-0.11908,-0.069174,-0.03644,0.088569,0.098856,0.099981,0.090607,0.07735,0.073593,0.071215,0.075368,0.090165,0.098201,0.10104,0.093361,0.079162,0.078936,0.076135,0.081102,0.12179,0.13902,0.14352,0.1359,0.1086,0.11853,0.14449,0.14775,0.13437,0.11068,-0.095134,-0.073755,-0.078793,-0.074626,-0.091132,-0.10595,-0.11144,-0.11042,0.089915,0.011303,-0.00985,-0.0321,-0.03314,-0.040809,-0.034053,-0.032504,-0.010227,0.0052953,0.087637
-0.12455,-0.11719,-0.10701,-0.087667,-0.064853,-0.031335,0.0017144,0.035195,0.065765,0.090129,0.10842,0.11827,0.12718,0.094666,0.077671,0.065,0.051043,0.035628,0.048386,0.064225,0.079381,-0.094005,-0.085228,-0.068915,-0.050893,-0.034026,-0.05021,-0.068491,-0.078166,0.037092,0.056702,0.087955,0.10174,0.11509,-0.030508,-0.061073,-0.092966,-0.10722,-0.11678,-0.044715,-0.014698,0.0001566,0.013172,0.05281,0.026176,0.0047275,-0.015608,-0.017074,-0.019565,-0.031811,-0.036609,-0.022271,-0.0030915,0.021697,0.035316,0.027184,0.018966,0.015078,-0.046143,-0.086346,-0.13948,-0.17291,-0.19787,-0.22316,-0.22844,-0.21945,-0.20038,-0.17399,-0.13599,-0.09345,-0.0466,0.08289,0.087686,0.09378,0.092773,0.078959,0.075719,0.068101,0.073356,0.078587,0.085462,0.093537,0.087281,0.078205,0.07441,0.072106,0.07097,0.12746,0.13829,0.14449,0.13979,0.12083,0.12379,0.14042,0.14852,0.13753,0.10498,-0.098528,-0.062309,-0.067041,-0.061722,-0.097187,-0.1278,-0.12858,-0.12796,0.071982,0.024938,0.0096009,-0.0073888,-0.029239,-0.032674,-0.02771,-0.0024196,0.012104,0.023775,0.07244
-0.13508,-0.12835,-0.11262,-0.089586,-0.055102,-0.03134,-0.0021727,0.042205,0.064941,0.09573,0.1114,0.12185,0.13135,0.09112,0.076928,0.065568,0.049844,0.034523,0.048788,0.067563,0.080419,-0.096169,-0.080554,-0.067588,-0.05146,-0.038091,-0.050911,-0.066745,-0.082725,0.035066,0.056086,0.076357,0.090438,0.11219,-0.0349,-0.056762,-0.081309,-0.096997,-0.11433,-0.054308,-0.011045,0.0012833,0.013208,0.054741,0.020938,0.0040625,-0.01073,-0.017343,-0.02203,-0.033955,-0.036127,-0.029805,0.00033031,0.028911,0.036524,0.034148,0.02644,0.015183,-0.018513,-0.056834,-0.11601,-0.17,-0.20129,-0.21674,-0.22582,-0.21333,-0.19402,-0.16329,-0.12555,-0.069327,-0.01189,0.08757,0.094606,0.10048,0.096291,0.078443,0.068924,0.064508,0.0711,0.084525,0.092441,0.095309,0.085845,0.075057,0.067223,0.066755,0.071254,0.12319,0.13748,0.14553,0.14222,0.13168,0.12485,0.13912,0.14958,0.14414,0.13121,-0.10186,-0.083192,-0.090283,-0.083718,-0.10113,-0.12449,-0.12126,-0.12543,0.066971,0.0047054,-0.0018595,-0.023047,-0.047711,-0.058005,-0.04722,-0.020902,-0.0035764,0.0048939,0.070417
-0.13119,-0.12545,-0.10577,-0.084318,-0.054598,-0.025896,0.00091715,0.035127,0.05817,0.081173,0.10599,0.11775,0.12582,0.09458,0.082514,0.065825,0.04736,0.034488,0.050246,0.063203,0.076141,-0.096779,-0.082032,-0.065448,-0.047841,-0.038529,-0.046804,-0.06527,-0.081008,0.030499,0.044289,0.06924,0.097018,0.11196,-0.025862,-0.038945,-0.076873,-0.10177,-0.12014,-0.049638,-0.0063008,-0.00071359,0.0084862,0.053891,0.021629,0.00037599,-0.01906,-0.012706,-0.017032,-0.031701,-0.026873,-0.010243,0.0027209,0.020255,0.030426,0.028366,0.017151,0.013176,-0.062069,-0.097778,-0.14697,-0.18136,-0.20585,-0.21309,-0.21295,-0.21277,-0.19909,-0.17801,-0.15077,-0.10264,-0.05453,0.080869,0.089431,0.097969,0.09294,0.079315,0.072005,0.069609,0.070911,0.073682,0.082388,0.093569,0.086268,0.073994,0.065323,0.060294,0.063907,0.13352,0.14838,0.15098,0.14374,0.1167,0.12582,0.15163,0.15513,0.14267,0.11916,-0.09614,-0.073724,-0.081089,-0.072412,-0.090656,-0.10931,-0.11189,-0.1083,0.086456,0.030974,0.0074798,-0.030699,-0.028146,-0.031773,-0.025517,-0.025463,0.013964,0.036087,0.087827
-0.13139,-0.12148,-0.11065,-0.085252,-0.059952,-0.033855,0.0048985,0.041472,0.064967,0.087362,0.10429,0.11544,0.11845,0.086923,0.079395,0.063641,0.043477,0.031901,0.05039,0.067879,0.078819,-0.091282,-0.077708,-0.062217,-0.04283,-0.032405,-0.043406,-0.059916,-0.075508,0.022153,0.04479,0.086077,0.10093,0.1123,-0.028337,-0.04515,-0.093986,-0.11499,-0.1183,-0.049445,-0.014869,0.0026408,0.016316,0.061598,0.022451,0.0031851,-0.014304,-0.020345,-0.023869,-0.033648,-0.033225,-0.016614,0.00099675,0.016448,0.035754,0.032434,0.021111,0.01645,-0.04067,-0.084586,-0.12849,-0.1648,-0.19499,-0.21783,-0.22821,-0.21781,-0.19416,-0.15951,-0.1274,-0.07946,-0.039004,0.090265,0.10116,0.10947,0.10669,0.084462,0.07742,0.075259,0.080337,0.08978,0.10225,0.10985,0.10405,0.084627,0.083221,0.081725,0.080244,0.11858,0.13855,0.14168,0.13213,0.1115,0.11653,0.13339,0.14239,0.13469,0.1126,-0.10789,-0.087728,-0.091113,-0.084765,-0.10116,-0.12262,-0.12416,-0.122,0.077479,0.012527,-0.0072251,-0.032931,-0.037555,-0.047061,-0.037011,-0.037917,-0.003688,0.014492,0.074412
-0.12557,-0.11402,-0.097832,-0.075599,-0.052793,-0.028295,-0.0025756,0.033935,0.062962,0.078249,0.099074,0.11127,0.1267,0.087334,0.074743,0.056829,0.043664,0.030248,0.043018,0.057694,0.074169,-0.088888,-0.079033,-0.061551,-0.048026,-0.037162,-0.050399,-0.064247,-0.079679,0.028986,0.05215,0.081575,0.10438,0.11485,-0.030582,-0.049072,-0.089683,-0.10386,-0.11608,-0.050173,-0.017657,0.0011567,0.021336,0.05961,0.025223,0.0024541,-0.018913,-0.01709,-0.023956,-0.039675,-0.043234,-0.021831,0.0020183,0.019715,0.043096,0.045577,0.026295,0.019169,-0.063522,-0.1088,-0.14386,-0.17911,-0.19595,-0.21399,-0.22055,-0.21363,-0.19726,-0.17815,-0.1477,-0.11698,-0.065634,0.085329,0.09724,0.10471,0.09821,0.083655,0.077497,0.077039,0.078829,0.087372,0.098582,0.10495,0.095311,0.083454,0.074653,0.073933,0.07787,0.12631,0.14862,0.15001,0.13317,0.10866,0.12817,0.14487,0.14499,0.13391,0.10204,-0.084304,-0.066889,-0.073236,-0.063499,-0.083122,-0.10509,-0.11474,-0.10716,0.089739,0.0081746,0.0029061,-0.028082,-0.034509,-0.045619,-0.032349,-0.030775,-0.0066648,0.012366,0.088608
-0.14569,-0.13562,-0.11282,-0.085343,-0.055905,-0.019805,0.0068877,0.036014,0.061911,0.080959,0.10012,0.10814,0.11696,0.090584,0.080506,0.06124,0.04358,0.031911,0.046325,0.069258,0.083439,-0.094173,-0.081318,-0.062426,-0.045827,-0.032847,-0.044985,-0.064017,-0.08319,0.030413,0.047932,0.085904,0.10617,0.11643,-0.025734,-0.050086,-0.086576,-0.10732,-0.11533,-0.04514,-0.015343,0.0079171,0.018151,0.046263,0.021178,0.0060451,-0.015936,-0.017434,-0.018089,-0.033518,-0.034251,-0.017933,0.0027065,0.021271,0.03812,0.035093,0.023689,0.021536,-0.038662,-0.078936,-0.1289,-0.17615,-0.1992,-0.222,-0.22228,-0.21105,-0.18977,-0.16366,-0.11469,-0.073752,-0.028971,0.09199,0.10686,0.1125,0.10042,0.080934,0.077655,0.075961,0.079025,0.088983,0.10216,0.10667,0.095847,0.079815,0.073016,0.072314,0.075417,0.12152,0.13741,0.14135,0.13448,0.11454,0.11945,0.13379,0.14134,0.13549,0.11996,-0.10354,-0.084659,-0.095232,-0.088503,-0.10144,-0.11888,-0.12197,-0.12024,0.075303,0.015582,-0.00531,-0.037091,-0.040299,-0.057319,-0.043933,-0.03569,-0.0053186,0.019664,0.078011
-0.1245,-0.12156,-0.11357,-0.0874,-0.061183,-0.037989,-0.0045968,0.036934,0.061333,0.08067,0.10203,0.11738,0.12056,0.095542,0.085448,0.066231,0.047983,0.030729,0.045897,0.065126,0.083362,-0.093816,-0.085678,-0.068455,-0.050249,-0.033076,-0.045249,-0.063481,-0.079673,0.031884,0.052176,0.072444,0.089649,0.11084,-0.029904,-0.05617,-0.084519,-0.10074,-0.11801,-0.056864,-0.013277,0.0029143,0.018117,0.055532,0.026066,0.0068216,-0.015449,-0.016884,-0.018058,-0.030266,-0.033388,-0.024299,0.001005,0.031383,0.041531,0.038594,0.027495,0.022618,-0.030195,-0.063941,-0.10175,-0.15716,-0.19502,-0.22747,-0.23431,-0.22768,-0.19267,-0.15764,-0.12261,-0.067322,-0.01605,0.086585,0.09741,0.10421,0.096167,0.081372,0.074581,0.071827,0.075823,0.077679,0.091151,0.09515,0.088351,0.074806,0.066744,0.064097,0.066842,0.1313,0.14609,0.15278,0.15003,0.12568,0.12203,0.14235,0.14243,0.13438,0.11553,-0.10056,-0.083143,-0.085889,-0.080534,-0.096835,-0.13319,-0.13583,-0.13442,0.072061,0.015385,-0.004823,-0.034503,-0.042626,-0.045398,-0.044135,-0.036067,-0.00097113,0.012556,0.077346
-0.1122,-0.10377,-0.090845,-0.074527,-0.053868,-0.032029,-0.010251,0.024784,0.057991,0.083922,0.10604,0.11806,0.12906,0.096791,0.086058,0.070536,0.054194,0.038287,0.051085,0.067713,0.085449,-0.092266,-0.081657,-0.068922,-0.052219,-0.034645,-0.053487,-0.06968,-0.082043,0.032664,0.056593,0.084266,0.099489,0.11463,-0.039309,-0.060639,-0.081024,-0.095749,-0.10836,-0.05724,-0.019544,-0.0045321,0.0096712,0.047107,0.011463,-0.0045809,-0.022901,-0.017133,-0.020117,-0.029408,-0.037006,-0.024581,-0.0033139,0.010889,0.030615,0.032107,0.019172,0.019221,-0.081048,-0.11585,-0.14976,-0.17207,-0.19583,-0.21494,-0.22104,-0.21381,-0.19346,-0.16202,-0.12088,-0.085008,-0.051435,0.082962,0.09546,0.10235,0.096298,0.083125,0.075224,0.071806,0.071864,0.079584,0.093092,0.098193,0.095953,0.079476,0.075944,0.072243,0.073027,0.1343,0.14814,0.15111,0.13951,0.11256,0.13177,0.14494,0.14505,0.13653,0.10542,-0.095167,-0.073923,-0.074874,-0.074593,-0.099418,-0.13025,-0.13159,-0.12689,0.076003,0.028923,0.0082413,-0.01373,-0.027516,-0.027683,-0.027401,-0.023925,-0.00038483,0.019343,0.076062
-0.13578,-0.12923,-0.11154,-0.091546,-0.060547,-0.028062,0.0026819,0.043647,0.078075,0.1076,0.12339,0.13233,0.13973,0.098986,0.08251,0.067671,0.051626,0.038107,0.055823,0.069739,0.085818,-0.097719,-0.085439,-0.063466,-0.051644,-0.03822,-0.057317,-0.072297,-0.085113,0.033092,0.046717,0.07366,0.092476,0.12084,-0.042241,-0.056623,-0.08332,-0.10022,-0.1186,-0.050953,-0.014747,-0.00093652,0.0082204,0.052528,0.018883,-0.0020614,-0.024853,-0.017803,-0.027302,-0.0344,-0.036097,-0.014511,-0.0017645,0.010339,0.027237,0.030992,0.022539,0.01908,-0.0324,-0.085606,-0.13115,-0.16483,-0.19615,-0.20894,-0.21241,-0.20554,-0.18259,-0.15685,-0.12413,-0.087243,-0.033081,0.080694,0.097041,0.10009,0.095209,0.073029,0.065929,0.06556,0.071763,0.089891,0.10282,0.10622,0.10193,0.083009,0.07556,0.073306,0.077624,0.10896,0.13511,0.13838,0.13522,0.11724,0.11891,0.13918,0.14519,0.14564,0.12757,-0.096964,-0.082015,-0.086359,-0.078647,-0.095732,-0.12666,-0.12875,-0.1255,0.065231,0.0071477,0.0020328,-0.024438,-0.035618,-0.042585,-0.036277,-0.036725,-0.0076571,0.011129,0.06823
-0.1386,-0.12623,-0.1123,-0.090368,-0.062095,-0.029021,0.0023022,0.039986,0.068731,0.093417,0.10923,0.12179,0.12633,0.088401,0.077055,0.061726,0.047292,0.028951,0.041841,0.062759,0.075595,-0.088243,-0.077119,-0.061883,-0.044994,-0.029619,-0.04484,-0.06088,-0.07533,0.031099,0.063063,0.089569,0.10655,0.11642,-0.033145,-0.06219,-0.091073,-0.11181,-0.12517,-0.050844,-0.010922,-0.00043208,0.017977,0.047864,0.018269,0.0022219,-0.016257,-0.019947,-0.026796,-0.033072,-0.032108,-0.017643,0.0032668,0.016891,0.034513,0.035108,0.024526,0.020183,-0.05909,-0.10394,-0.1445,-0.17966,-0.20407,-0.2263,-0.22821,-0.22152,-0.19992,-0.17192,-0.13863,-0.097883,-0.060399,0.079503,0.094402,0.10499,0.10275,0.085497,0.079169,0.072899,0.074061,0.083586,0.099716,0.10197,0.097806,0.080796,0.076407,0.074152,0.074048,0.12189,0.14245,0.1405,0.1235,0.090405,0.12464,0.14476,0.14242,0.12408,0.083321,-0.093771,-0.063524,-0.070939,-0.063316,-0.088783,-0.10398,-0.10516,-0.10315,0.075515,0.023035,0.0026591,-0.019805,-0.021841,-0.027041,-0.023733,-0.018256,0.010639,0.030893,0.076874
-0.132,-0.12606,-0.1156,-0.09706,-0.071444,-0.04125,-0.002695,0.042572,0.072543,0.094695,0.11429,0.12225,0.12382,0.089478,0.078361,0.062695,0.044924,0.028716,0.041766,0.061072,0.078672,-0.088628,-0.081206,-0.062582,-0.042537,-0.033184,-0.043989,-0.06611,-0.081891,0.036879,0.060992,0.088459,0.10304,0.11649,-0.032925,-0.054675,-0.088795,-0.10944,-0.12243,-0.056937,-0.0081736,0.0031139,0.020146,0.056881,0.022389,0.002912,-0.017361,-0.014816,-0.023379,-0.038933,-0.036063,-0.015023,0.0016671,0.011448,0.035333,0.040567,0.029536,0.019474,-0.03105,-0.07704,-0.11844,-0.15415,-0.18887,-0.21664,-0.22698,-0.21514,-0.17943,-0.13882,-0.094628,-0.057204,-0.029029,0.082305,0.096681,0.10529,0.099844,0.086131,0.078761,0.074766,0.073163,0.084276,0.099378,0.10363,0.093738,0.079404,0.070262,0.067272,0.071182,0.13178,0.14412,0.14934,0.13252,0.10516,0.12642,0.1387,0.15011,0.13533,0.10861,-0.099877,-0.089305,-0.096632,-0.08529,-0.097937,-0.13824,-0.1413,-0.14081,0.073081,0.010985,-0.012148,-0.039255,-0.044468,-0.047224,-0.043935,-0.040988,-0.0070243,0.010876,0.068722
-0.13451,-0.12823,-0.11133,-0.089046,-0.060267,-0.028396,0.0038627,0.035024,0.06266,0.086961,0.10642,0.12013,0.12514,0.091102,0.078039,0.061097,0.043473,0.027733,0.043837,0.062351,0.07835,-0.089726,-0.077848,-0.063489,-0.047299,-0.033398,-0.049415,-0.064663,-0.078357,0.02311,0.050029,0.080491,0.096716,0.11081,-0.025097,-0.047171,-0.087482,-0.10334,-0.11891,-0.043069,-0.0073117,0.0048093,0.018329,0.050131,0.021484,0.0062185,-0.010637,-0.013502,-0.017198,-0.030545,-0.033274,-0.013819,0.0015335,0.015088,0.035891,0.030413,0.020564,0.015526,-0.027864,-0.068467,-0.11961,-0.15567,-0.19591,-0.2286,-0.23558,-0.22436,-0.19392,-0.15604,-0.11716,-0.06981,-0.032237,0.085043,0.097686,0.1017,0.098199,0.077592,0.07571,0.073867,0.07841,0.085334,0.096238,0.1029,0.095661,0.080889,0.077416,0.076099,0.07802,0.11501,0.14008,0.14486,0.13548,0.10893,0.11423,0.13744,0.14536,0.13225,0.10093,-0.11637,-0.09115,-0.095239,-0.086451,-0.11486,-0.13246,-0.13271,-0.13405,0.092993,0.023307,0.0038096,-0.026228,-0.036625,-0.041733,-0.035087,-0.029395,0.011222,0.023917,0.087035
-0.1447,-0.13096,-0.11356,-0.08872,-0.062808,-0.031025,-0.0022222,0.028003,0.066718,0.089831,0.11228,0.12343,0.13195,0.098503,0.086333,0.068306,0.048514,0.040024,0.052263,0.068071,0.084293,-0.097525,-0.086678,-0.067024,-0.051147,-0.039184,-0.055612,-0.072978,-0.087712,0.031452,0.057445,0.08767,0.10556,0.12047,-0.031948,-0.054868,-0.086622,-0.10419,-0.12166,-0.058412,-0.016196,0.0017623,0.018122,0.062046,0.025413,0.000108,-0.028491,-0.012804,-0.021005,-0.036773,-0.041238,-0.028062,0.0050429,0.035998,0.041332,0.037928,0.023677,0.021583,-0.049666,-0.1007,-0.14688,-0.18052,-0.20155,-0.21564,-0.21957,-0.21024,-0.1906,-0.1611,-0.12086,-0.077065,-0.040786,0.081412,0.091129,0.098054,0.091311,0.081001,0.072809,0.067512,0.071361,0.081109,0.09284,0.096535,0.092761,0.078471,0.070048,0.06625,0.069972,0.11958,0.13674,0.14606,0.13609,0.11097,0.11175,0.13723,0.14478,0.13641,0.10512,-0.093287,-0.07228,-0.08073,-0.073832,-0.091094,-0.11541,-0.11732,-0.11603,0.078806,0.024181,0.005034,-0.017679,-0.030496,-0.033521,-0.033393,-0.016829,0.009295,0.023688,0.078779
-0.1336,-0.12475,-0.11388,-0.089624,-0.060703,-0.030599,0.0036193,0.046151,0.071848,0.099835,0.11361,0.1201,0.12568,0.098746,0.088015,0.072884,0.052165,0.040594,0.049841,0.067742,0.081093,-0.092918,-0.082831,-0.068194,-0.05331,-0.034964,-0.048068,-0.065869,-0.080704,0.025165,0.048548,0.072092,0.09296,0.11259,-0.032987,-0.058403,-0.079221,-0.095441,-0.11018,-0.061961,-0.014984,-1.3448e-006,0.019185,0.054096,0.012955,-0.0018798,-0.019681,-0.014047,-0.021562,-0.0406,-0.038374,-0.024776,-0.0038589,0.013893,0.03303,0.035354,0.024524,0.021655,-0.0595,-0.10818,-0.14409,-0.18107,-0.20974,-0.22707,-0.23017,-0.21724,-0.19314,-0.15936,-0.12511,-0.096113,-0.065161,0.078844,0.092423,0.10391,0.10142,0.089258,0.075642,0.072133,0.072467,0.085917,0.098039,0.10632,0.10471,0.083411,0.073191,0.072746,0.072375,0.11261,0.12732,0.13555,0.13211,0.11876,0.12303,0.1303,0.13176,0.1274,0.12307,-0.083441,-0.062483,-0.068043,-0.063606,-0.094385,-0.11124,-0.11161,-0.11206,0.077999,0.022419,0.012051,-0.017567,-0.027119,-0.03253,-0.030107,-0.023694,0.0020822,0.019616,0.074936
-0.12738,-0.1198,-0.10921,-0.087178,-0.066095,-0.034664,-0.0038049,0.037499,0.06572,0.085462,0.1133,0.12687,0.13296,0.091056,0.082757,0.064085,0.048982,0.033831,0.053451,0.06654,0.080636,-0.090757,-0.083146,-0.065245,-0.050307,-0.031753,-0.046798,-0.06464,-0.078641,0.023872,0.046539,0.072702,0.098157,0.11761,-0.017361,-0.041511,-0.081736,-0.10529,-0.11487,-0.049403,-0.01929,-0.0034514,0.012565,0.05266,0.021481,-0.001957,-0.020665,-0.012251,-0.013471,-0.025018,-0.034502,-0.030032,-0.0020889,0.022309,0.032825,0.02366,0.013606,0.011175,-0.037613,-0.083499,-0.11718,-0.15459,-0.19324,-0.22225,-0.23253,-0.22294,-0.19044,-0.15317,-0.11142,-0.072975,-0.033208,0.091165,0.10498,0.1114,0.099055,0.08172,0.07654,0.073919,0.078779,0.080404,0.092816,0.10388,0.098747,0.079845,0.073745,0.06892,0.074047,0.11802,0.13778,0.15083,0.14853,0.12587,0.11591,0.13737,0.14274,0.12798,0.1056,-0.10226,-0.087567,-0.096456,-0.08662,-0.10573,-0.13415,-0.13642,-0.13375,0.062181,0.03223,-0.00012056,-0.012515,-0.03503,-0.051525,-0.046762,-0.02439,-0.003079,0.023234,0.063208
-0.12571,-0.11742,-0.098982,-0.076537,-0.050397,-0.02405,0.0026078,0.035408,0.057948,0.076167,0.10263,0.11978,0.12644,0.092768,0.083497,0.064699,0.051163,0.037109,0.048305,0.06299,0.08038,-0.089305,-0.079468,-0.063955,-0.046771,-0.034271,-0.047078,-0.064624,-0.077223,0.028506,0.05396,0.079629,0.097542,0.11932,-0.023351,-0.055326,-0.078285,-0.096194,-0.11389,-0.057972,-0.014766,-0.001592,0.01033,0.052561,0.013515,-0.0016869,-0.019129,-0.020787,-0.028116,-0.037379,-0.035916,-0.019358,-0.0055069,0.0055301,0.025627,0.031139,0.026292,0.0192,-0.096208,-0.13332,-0.16756,-0.18752,-0.19987,-0.20778,-0.20902,-0.20387,-0.18601,-0.17128,-0.14903,-0.11322,-0.077925,0.077211,0.093223,0.10189,0.098069,0.083146,0.072609,0.065247,0.06221,0.075689,0.089697,0.1001,0.092623,0.074235,0.068156,0.067861,0.066224,0.1314,0.15803,0.15349,0.14376,0.091552,0.12937,0.15979,0.15085,0.14278,0.10354,-0.093803,-0.062435,-0.066388,-0.06138,-0.086719,-0.10048,-0.10422,-0.10229,0.076944,0.027211,0.0076126,-0.014711,-0.017709,-0.025032,-0.021096,-0.019808,0.0088676,0.030237,0.075079
-0.12434,-0.11849,-0.1038,-0.084461,-0.057123,-0.030904,0.001864,0.034337,0.06185,0.086198,0.10475,0.11927,0.1267,0.092924,0.08087,0.062615,0.049366,0.030711,0.046289,0.061894,0.078613,-0.090825,-0.076488,-0.062471,-0.045224,-0.029727,-0.051719,-0.067564,-0.084097,0.020466,0.041985,0.082312,0.10571,0.11712,-0.025955,-0.046485,-0.087419,-0.11145,-0.12039,-0.04767,-0.020852,-9.9662e-007,0.018494,0.052907,0.020896,0.0016068,-0.019351,-0.013087,-0.020624,-0.035701,-0.038966,-0.019123,-4.7139e-005,0.016672,0.038692,0.037744,0.024022,0.017489,-0.042933,-0.093206,-0.13902,-0.17328,-0.20189,-0.21636,-0.2237,-0.21914,-0.19814,-0.17019,-0.13768,-0.097491,-0.040526,0.085013,0.093452,0.098534,0.093008,0.080609,0.073256,0.067068,0.071349,0.083395,0.098225,0.09907,0.08818,0.077331,0.072005,0.067704,0.071581,0.12982,0.15264,0.15638,0.14652,0.11011,0.12738,0.14768,0.15561,0.13751,0.091069,-0.09483,-0.069792,-0.0761,-0.070694,-0.09597,-0.11856,-0.12045,-0.1188,0.078115,0.016489,0.0075061,-0.020404,-0.032519,-0.039952,-0.035672,-0.02918,0.0058223,0.017797,0.076248
-0.13302,-0.1255,-0.11607,-0.10494,-0.0796,-0.042816,0.0041517,0.049889,0.079354,0.10258,0.11427,0.12132,0.1248,0.090663,0.079863,0.064838,0.05079,0.038667,0.048442,0.065265,0.081992,-0.092097,-0.086091,-0.068496,-0.048946,-0.035513,-0.055724,-0.069788,-0.083993,0.028386,0.048519,0.069708,0.086547,0.10348,-0.033449,-0.053047,-0.075119,-0.088331,-0.10321,-0.049726,-0.010343,0.0038778,0.018745,0.058871,0.022105,0.0053457,-0.013227,-0.020298,-0.023055,-0.036928,-0.038283,-0.016163,-0.0011217,0.016505,0.039444,0.038954,0.023755,0.023768,-0.023215,-0.057248,-0.10185,-0.14172,-0.18728,-0.23034,-0.24265,-0.22909,-0.1875,-0.14128,-0.098224,-0.054579,-0.020928,0.088076,0.10323,0.10421,0.098134,0.080315,0.075739,0.072434,0.076189,0.085621,0.098648,0.10359,0.094439,0.080496,0.073162,0.068265,0.073959,0.12255,0.13577,0.13605,0.13157,0.12003,0.12407,0.13676,0.13646,0.13393,0.12431,-0.11037,-0.083949,-0.09082,-0.080027,-0.10891,-0.13295,-0.13435,-0.13225,0.065399,0.0076879,-0.011331,-0.041951,-0.045185,-0.047337,-0.044746,-0.043261,-0.0067802,0.0071398,0.071876
-0.12799,-0.12063,-0.10791,-0.087275,-0.064024,-0.032834,0.0035646,0.039048,0.066289,0.08998,0.10692,0.12045,0.12696,0.093657,0.081165,0.066932,0.052786,0.03249,0.045861,0.065374,0.08309,-0.091633,-0.083741,-0.066944,-0.050019,-0.032175,-0.049875,-0.070267,-0.078294,0.029543,0.044504,0.072827,0.096829,0.11835,-0.029882,-0.057502,-0.08767,-0.10445,-0.11931,-0.044302,-0.010811,-0.0010024,0.014916,0.049669,0.01704,0.00019514,-0.017545,-0.014443,-0.019404,-0.035211,-0.029684,-0.013734,0.0022489,0.01554,0.032401,0.036627,0.022282,0.021012,-0.047893,-0.088024,-0.13403,-0.16934,-0.19873,-0.22204,-0.229,-0.21854,-0.19549,-0.15869,-0.12679,-0.088469,-0.048244,0.08478,0.096513,0.10351,0.097504,0.083185,0.07264,0.071589,0.074073,0.082348,0.095401,0.1026,0.090901,0.074477,0.06963,0.069492,0.076529,0.12571,0.14236,0.14964,0.14034,0.10385,0.12885,0.14876,0.1521,0.14253,0.11052,-0.099327,-0.069556,-0.077763,-0.071746,-0.097511,-0.12373,-0.12384,-0.12278,0.074596,0.021383,-0.0011779,-0.031867,-0.030577,-0.034015,-0.032743,-0.034993,-0.0042385,0.0193,0.076017
-0.13228,-0.12348,-0.1089,-0.090803,-0.069778,-0.036096,0.0020423,0.039138,0.073107,0.096793,0.10798,0.12018,0.12493,0.088007,0.07821,0.061972,0.046093,0.03207,0.044176,0.062172,0.077336,-0.088884,-0.080946,-0.062431,-0.047039,-0.033857,-0.045539,-0.061516,-0.075899,0.025882,0.05061,0.073453,0.093955,0.10987,-0.02511,-0.047566,-0.077341,-0.094945,-0.11518,-0.051504,-0.0091064,0.0012751,0.013672,0.051846,0.027834,0.0075282,-0.015413,-0.015992,-0.023697,-0.038272,-0.038268,-0.021282,-0.0018227,0.016791,0.03202,0.036377,0.02313,0.014499,-0.058788,-0.099164,-0.13486,-0.17496,-0.19919,-0.22191,-0.22306,-0.21747,-0.19166,-0.16163,-0.13873,-0.092101,-0.051332,0.083035,0.099681,0.10485,0.097621,0.0848,0.076121,0.068742,0.071439,0.080165,0.098453,0.10238,0.097179,0.080631,0.074649,0.0708,0.070383,0.12299,0.14628,0.14695,0.14077,0.11753,0.12942,0.14457,0.14935,0.14319,0.111,-0.099335,-0.072147,-0.079746,-0.069229,-0.10085,-0.11961,-0.1202,-0.11748,0.077763,0.022236,-0.00075916,-0.030104,-0.031869,-0.031305,-0.030765,-0.030324,-0.0053671,0.013436,0.077518
-0.12926,-0.12223,-0.10935,-0.087139,-0.063773,-0.028761,0.007408,0.042407,0.064563,0.085534,0.10416,0.11811,0.12041,0.089933,0.08292,0.06891,0.049081,0.038597,0.051436,0.064269,0.078269,-0.096738,-0.087416,-0.069925,-0.05475,-0.038402,-0.053568,-0.069895,-0.08273,0.029227,0.039704,0.0922,0.10155,0.10858,-0.031438,-0.041962,-0.090971,-0.10262,-0.11193,-0.051058,-0.01258,0.0014246,0.014255,0.056272,0.030642,0.0061462,-0.016022,-0.019751,-0.017352,-0.03133,-0.032461,-0.016127,0.0025462,0.02354,0.036372,0.028168,0.01648,0.016422,-0.058763,-0.091408,-0.13338,-0.17534,-0.20641,-0.21726,-0.21877,-0.21718,-0.20628,-0.17827,-0.13782,-0.094269,-0.060059,0.079847,0.092279,0.10159,0.096909,0.081349,0.076698,0.076711,0.076726,0.081209,0.092103,0.10145,0.093691,0.079714,0.078144,0.071907,0.073449,0.1171,0.13888,0.1436,0.12806,0.10319,0.11393,0.13724,0.14496,0.13096,0.10607,-0.091335,-0.069527,-0.074177,-0.071054,-0.086559,-0.12235,-0.12704,-0.12551,0.095282,0.031535,0.0097525,-0.024456,-0.024439,-0.030639,-0.024398,-0.02283,0.012924,0.033125,0.0891
-0.1246,-0.12028,-0.10768,-0.085529,-0.063568,-0.031123,0.0068511,0.044312,0.069915,0.095293,0.10881,0.12115,0.12713,0.093714,0.082845,0.067438,0.050849,0.038095,0.050051,0.066672,0.07965,-0.095516,-0.086246,-0.069881,-0.055593,-0.041144,-0.05524,-0.069432,-0.081227,0.024541,0.0395,0.078496,0.094191,0.10893,-0.027593,-0.037375,-0.071833,-0.10006,-0.10664,-0.062263,-0.020456,-0.00022198,0.0079927,0.060736,0.023114,0.0030727,-0.016969,-0.016372,-0.02142,-0.041077,-0.042545,-0.024773,-0.0022058,0.01889,0.035544,0.041839,0.018919,0.020323,-0.06027,-0.098027,-0.13561,-0.17774,-0.21041,-0.23498,-0.24051,-0.22083,-0.19981,-0.16776,-0.13437,-0.101,-0.054036,0.084507,0.095324,0.096588,0.097827,0.084953,0.078889,0.076073,0.077914,0.08066,0.090309,0.1001,0.095663,0.083342,0.078325,0.078037,0.07622,0.11148,0.13229,0.13466,0.11921,0.092701,0.11515,0.13072,0.13791,0.12945,0.10409,-0.1,-0.061307,-0.067203,-0.063882,-0.0975,-0.1093,-0.11286,-0.11643,0.087,0.044322,0.021847,-0.022335,-0.02355,-0.027822,-0.017932,-0.022324,0.017225,0.038835,0.086169
-0.12667,-0.12481,-0.11224,-0.086719,-0.056353,-0.023339,0.0017736,0.034749,0.06094,0.084814,0.10765,0.11643,0.1245,0.086499,0.076282,0.057334,0.042521,0.026261,0.037927,0.055841,0.07177,-0.090866,-0.077956,-0.063144,-0.045147,-0.034144,-0.047591,-0.062154,-0.077917,0.027919,0.045794,0.085637,0.099537,0.10661,-0.025989,-0.039391,-0.080516,-0.096943,-0.1065,-0.05663,-0.010164,0.0052674,0.015032,0.054664,0.021938,0.0048086,-0.014471,-0.01205,-0.021488,-0.038661,-0.037695,-0.017275,-0.00088381,0.01752,0.037107,0.039906,0.024022,0.016662,-0.081268,-0.11503,-0.15096,-0.19236,-0.20997,-0.22291,-0.22581,-0.2163,-0.19842,-0.17882,-0.15595,-0.12594,-0.086278,0.085643,0.097396,0.10319,0.09594,0.083957,0.076939,0.074406,0.079993,0.075602,0.092569,0.099817,0.098884,0.079073,0.074961,0.07251,0.07012,0.11594,0.13585,0.1386,0.12826,0.10224,0.12034,0.14027,0.13599,0.12081,0.098859,-0.099331,-0.061658,-0.065665,-0.062965,-0.087466,-0.092182,-0.097707,-0.09831,0.087547,0.044748,0.015175,-0.012598,-0.01319,-0.018623,-0.014994,-0.0084614,0.022324,0.040784,0.084455
-0.13976,-0.12664,-0.10851,-0.088587,-0.062685,-0.034657,0.00064976,0.036963,0.070182,0.088029,0.10838,0.11807,0.13013,0.086123,0.082089,0.069002,0.055023,0.034418,0.045884,0.062294,0.075421,-0.092168,-0.085541,-0.069878,-0.050998,-0.037083,-0.051923,-0.065074,-0.079874,0.032165,0.047029,0.067617,0.088963,0.10438,-0.031133,-0.048313,-0.07374,-0.093512,-0.10685,-0.056057,-0.0082882,0.0023794,0.020479,0.051648,0.024329,0.0095233,-0.0077311,-0.018219,-0.020961,-0.034945,-0.040066,-0.01549,0.0025751,0.019847,0.040464,0.034906,0.023428,0.01629,-0.073719,-0.11942,-0.1486,-0.1819,-0.20324,-0.21899,-0.22586,-0.21329,-0.19517,-0.16958,-0.13682,-0.10702,-0.072404,0.069927,0.08419,0.09631,0.095288,0.084441,0.076712,0.071148,0.066697,0.082915,0.09274,0.10142,0.096941,0.085912,0.077226,0.077295,0.076277,0.12499,0.13806,0.14562,0.14112,0.1027,0.12313,0.13856,0.14855,0.13989,0.1049,-0.083797,-0.065424,-0.068767,-0.065575,-0.07779,-0.1149,-0.11701,-0.11582,0.078144,0.025572,0.023455,-0.012671,-0.028138,-0.03152,-0.029419,-0.016381,0.020897,0.026435,0.075772
-0.14369,-0.13826,-0.12493,-0.10246,-0.075582,-0.045416,0.0047554,0.053334,0.089874,0.11253,0.13407,0.14645,0.15161,0.085174,0.072875,0.05991,0.046277,0.035469,0.046689,0.059613,0.074325,-0.087095,-0.073668,-0.058124,-0.047901,-0.032234,-0.045743,-0.06029,-0.072218,0.016654,0.03532,0.066449,0.089761,0.10389,-0.02707,-0.047762,-0.067417,-0.086495,-0.10254,-0.053393,-0.013656,-0.0014809,0.013775,0.05371,0.01651,-0.00090395,-0.017403,-0.021014,-0.026928,-0.041854,-0.041985,-0.030519,-0.0049579,0.021599,0.036525,0.033996,0.018954,0.012899,-0.049025,-0.089038,-0.13129,-0.17324,-0.21015,-0.23597,-0.24568,-0.23263,-0.20334,-0.17488,-0.13254,-0.089665,-0.040685,0.071032,0.082818,0.08726,0.084359,0.079113,0.072171,0.068948,0.067005,0.076188,0.085183,0.085709,0.081174,0.078044,0.071486,0.068554,0.069371,0.12118,0.13767,0.13751,0.12487,0.11315,0.11482,0.1312,0.14396,0.13965,0.12691,-0.081287,-0.065302,-0.073431,-0.064375,-0.081326,-0.091125,-0.090494,-0.089831,0.071102,0.029418,0.010612,-0.012575,-0.026829,-0.024744,-0.025066,-0.0062599,0.014397,0.026089,0.069809
-0.13427,-0.12456,-0.11417,-0.095784,-0.07439,-0.047426,-0.0047425,0.038248,0.075214,0.097593,0.11731,0.13728,0.15182,0.092137,0.083199,0.067962,0.052196,0.033902,0.047291,0.062302,0.077841,-0.094337,-0.085812,-0.064783,-0.049546,-0.033876,-0.046832,-0.062598,-0.078138,0.020759,0.054895,0.091971,0.11207,0.12456,-0.020013,-0.060085,-0.091164,-0.1048,-0.1117,-0.045566,-0.018616,-0.0044157,0.0093514,0.048331,0.016703,-0.0037968,-0.024729,-0.01813,-0.023584,-0.032563,-0.036375,-0.024325,-0.0022099,0.014146,0.032797,0.035043,0.021619,0.016796,-0.039379,-0.081823,-0.11523,-0.15446,-0.19347,-0.22722,-0.2399,-0.23098,-0.19328,-0.15582,-0.11267,-0.06297,-0.015971,0.093869,0.10597,0.10944,0.10394,0.088296,0.08622,0.078904,0.080561,0.073985,0.087633,0.10054,0.097073,0.084572,0.077617,0.072114,0.070457,0.11094,0.13337,0.14019,0.12099,0.10354,0.10691,0.13114,0.12783,0.10933,0.090445,-0.097406,-0.082271,-0.086967,-0.082633,-0.092649,-0.12166,-0.1256,-0.1205,0.073353,0.029937,0.0085977,-0.023337,-0.031766,-0.043808,-0.034033,-0.0287,-0.0069641,0.027273,0.07644
-0.13328,-0.12378,-0.10853,-0.090525,-0.061366,-0.03246,0.0064129,0.03951,0.068026,0.092262,0.10754,0.11707,0.12408,0.089062,0.076482,0.058681,0.042406,0.028378,0.049391,0.068744,0.081031,-0.094809,-0.082228,-0.066112,-0.046759,-0.02987,-0.048688,-0.063571,-0.077732,0.022813,0.049394,0.0858,0.1048,0.11642,-0.019964,-0.052325,-0.086294,-0.10511,-0.12473,-0.054157,-0.022408,0.00031809,0.014987,0.055486,0.02877,0.0033666,-0.024338,-0.017048,-0.023876,-0.033273,-0.025217,-0.010066,0.0043619,0.015658,0.030488,0.035441,0.026073,0.015262,-0.059167,-0.10853,-0.15224,-0.17964,-0.20212,-0.21679,-0.22256,-0.21381,-0.19376,-0.16604,-0.13959,-0.10371,-0.057759,0.079039,0.098386,0.10529,0.097847,0.078322,0.073795,0.069187,0.073107,0.080126,0.095146,0.1059,0.1013,0.078831,0.072378,0.07055,0.070974,0.12462,0.14253,0.14651,0.13191,0.0981,0.11479,0.14759,0.14484,0.13839,0.11416,-0.089748,-0.058279,-0.063832,-0.05758,-0.086663,-0.119,-0.12688,-0.12156,0.071691,0.023689,-0.0055899,-0.017395,-0.021097,-0.027052,-0.019853,-0.016919,0.0010587,0.022778,0.074362
-0.12613,-0.12361,-0.11225,-0.087963,-0.063658,-0.030285,0.0063033,0.037166,0.059313,0.085597,0.11,0.12142,0.12392,0.090235,0.07945,0.062672,0.044789,0.030719,0.046547,0.0594,0.073343,-0.090354,-0.080293,-0.06336,-0.04457,-0.029846,-0.044781,-0.061687,-0.078521,0.024114,0.044108,0.08095,0.096638,0.10735,-0.026531,-0.045195,-0.079884,-0.10379,-0.11198,-0.045723,-0.0097874,7.5485e-005,0.015025,0.050622,0.018541,0.00060166,-0.019209,-0.015902,-0.021596,-0.033767,-0.034064,-0.014239,-0.00042253,0.016511,0.03737,0.033797,0.023013,0.019807,-0.016322,-0.058662,-0.11035,-0.15821,-0.20475,-0.23817,-0.24914,-0.23889,-0.20871,-0.16271,-0.10744,-0.059955,-0.011058,0.085829,0.097844,0.10596,0.1035,0.086464,0.082328,0.078224,0.083364,0.082467,0.095583,0.10201,0.096524,0.081821,0.076692,0.072905,0.07573,0.11827,0.1326,0.14543,0.12807,0.10945,0.11352,0.13091,0.13392,0.12492,0.10121,-0.10445,-0.083678,-0.089073,-0.082621,-0.093579,-0.12497,-0.13271,-0.12986,0.086962,0.018264,-0.0067297,-0.034495,-0.036028,-0.042787,-0.036357,-0.033935,0.0031273,0.015143,0.086581
-0.12363,-0.11449,-0.09703,-0.080396,-0.048788,-0.01385,0.0061149,0.03024,0.058525,0.08182,0.10096,0.11095,0.11595,0.089356,0.078544,0.059412,0.042773,0.027797,0.043601,0.06107,0.075212,-0.087835,-0.075354,-0.061211,-0.046238,-0.032931,-0.046241,-0.061216,-0.074525,0.032795,0.044445,0.07273,0.09103,0.10517,-0.035417,-0.052052,-0.080335,-0.098638,-0.10779,-0.052095,-0.01632,0.0011488,0.020283,0.050228,0.019445,0.0011432,-0.013831,-0.012966,-0.01963,-0.032943,-0.03794,-0.018808,0.00032391,0.016131,0.036096,0.031943,0.021132,0.016149,-0.0675,-0.12849,-0.16286,-0.18504,-0.20611,-0.21056,-0.21167,-0.20835,-0.2017,-0.1884,-0.15846,-0.12631,-0.073087,0.079932,0.09324,0.101,0.095464,0.081052,0.075505,0.072176,0.073282,0.083291,0.097703,0.10103,0.096589,0.082172,0.078848,0.075524,0.077744,0.11986,0.14092,0.14646,0.13648,0.11652,0.13096,0.14981,0.15314,0.14206,0.11434,-0.089689,-0.069737,-0.071958,-0.066417,-0.084163,-0.10079,-0.103,-0.103,0.079951,0.02673,0.011209,-0.020946,-0.023167,-0.033149,-0.023173,-0.025394,0.0078706,0.025613,0.076619
-0.13669,-0.13258,-0.12314,-0.099957,-0.06682,-0.029718,0.006321,0.044048,0.07869,0.10854,0.12827,0.13527,0.13629,0.089662,0.075955,0.054223,0.039707,0.027341,0.047915,0.063981,0.075914,-0.090449,-0.078739,-0.063944,-0.052498,-0.034004,-0.050501,-0.064417,-0.077733,0.031108,0.043418,0.088306,0.10284,0.11501,-0.032763,-0.047685,-0.095714,-0.11017,-0.11588,-0.05027,-0.010952,0.00082893,0.013698,0.051175,0.022144,0.0016263,-0.01543,-0.017603,-0.024328,-0.034056,-0.03552,-0.020334,0.0036046,0.020046,0.035121,0.03378,0.020896,0.016175,-0.028696,-0.078471,-0.12176,-0.15819,-0.18668,-0.21999,-0.22961,-0.21418,-0.19265,-0.16883,-0.12798,-0.075205,-0.035192,0.085118,0.098242,0.10226,0.091621,0.07483,0.075752,0.072725,0.078256,0.089532,0.10005,0.10446,0.099976,0.084569,0.076335,0.073213,0.077612,0.11621,0.13425,0.13626,0.12568,0.10499,0.1196,0.13891,0.14425,0.13236,0.11337,-0.096014,-0.074267,-0.086228,-0.080656,-0.10146,-0.12274,-0.12491,-0.12068,0.074063,0.01506,0.0021338,-0.027907,-0.032222,-0.043639,-0.034159,-0.035981,-0.0060654,0.0095936,0.07308
-0.12452,-0.11659,-0.10434,-0.089593,-0.06352,-0.03453,0.0032743,0.033177,0.061958,0.091937,0.10909,0.11992,0.12643,0.084969,0.074558,0.061042,0.048646,0.039089,0.050193,0.060414,0.074624,-0.085648,-0.074325,-0.059326,-0.049011,-0.037024,-0.04166,-0.057257,-0.069054,0.03175,0.041069,0.08045,0.096996,0.11053,-0.032709,-0.045911,-0.088038,-0.10242,-0.11196,-0.0456,-0.013949,0.00068791,0.0087622,0.046443,0.021099,0.0020637,-0.016421,-0.018587,-0.017241,-0.03148,-0.032121,-0.01826,-0.0046955,0.011832,0.029031,0.028058,0.019301,0.018382,-0.06832,-0.11709,-0.14894,-0.18068,-0.20301,-0.21517,-0.21803,-0.21229,-0.1999,-0.1763,-0.14655,-0.10591,-0.062099,0.085701,0.094187,0.09696,0.093084,0.081515,0.076407,0.072378,0.072983,0.080669,0.09008,0.091835,0.085577,0.079391,0.070264,0.062903,0.064633,0.13589,0.15303,0.15248,0.13756,0.11469,0.13538,0.15045,0.15647,0.14023,0.10857,-0.092864,-0.069193,-0.078615,-0.071574,-0.091177,-0.10565,-0.11093,-0.10948,0.07906,0.027773,0.0081922,-0.022975,-0.026962,-0.030849,-0.025681,-0.02545,0.0062626,0.03491,0.076169
-0.12157,-0.1199,-0.11374,-0.091849,-0.065751,-0.031895,0.0062956,0.039775,0.067508,0.090635,0.10926,0.11548,0.11819,0.086024,0.076895,0.06115,0.041029,0.033417,0.048042,0.062667,0.073848,-0.089907,-0.079992,-0.064393,-0.046387,-0.033814,-0.049455,-0.062855,-0.074099,0.030487,0.040318,0.0772,0.094128,0.10793,-0.029919,-0.041413,-0.087424,-0.10408,-0.11385,-0.049187,-0.012514,0.0021531,0.013271,0.053932,0.023896,0.0036913,-0.01643,-0.011348,-0.017317,-0.034863,-0.034529,-0.017705,0.0036201,0.020423,0.037204,0.036828,0.02413,0.016761,-0.053449,-0.092248,-0.13248,-0.17547,-0.199,-0.21644,-0.22337,-0.21395,-0.19415,-0.16545,-0.13533,-0.099404,-0.053078,0.083844,0.095662,0.099921,0.096653,0.080121,0.075846,0.071572,0.073221,0.08586,0.097945,0.10414,0.098415,0.080673,0.077468,0.074294,0.077123,0.12936,0.14741,0.1539,0.14518,0.11999,0.12254,0.14328,0.14861,0.13792,0.11539,-0.10171,-0.080292,-0.087552,-0.081424,-0.10475,-0.1201,-0.11739,-0.12066,0.076508,0.02267,-0.0044528,-0.028339,-0.029597,-0.032284,-0.032049,-0.030321,-0.003449,0.02325,0.069436
-0.12552,-0.11712,-0.10395,-0.085973,-0.064154,-0.033425,-0.0029151,0.038722,0.074832,0.099704,0.12105,0.13085,0.1381,0.084531,0.075567,0.061602,0.047202,0.032638,0.046657,0.058367,0.070185,-0.083674,-0.078619,-0.060401,-0.042728,-0.031454,-0.043327,-0.053,-0.068419,0.022128,0.057382,0.083329,0.1076,0.11242,-0.030037,-0.047002,-0.082458,-0.10326,-0.10988,-0.056467,-0.018103,-0.0064474,0.0067164,0.050173,0.017391,-0.00050058,-0.022847,-0.018726,-0.024003,-0.034015,-0.03596,-0.025868,-0.0057766,0.010715,0.02646,0.022605,0.011309,0.0077892,-0.057265,-0.10757,-0.14206,-0.17446,-0.19888,-0.21482,-0.22219,-0.21574,-0.19807,-0.17324,-0.13769,-0.10355,-0.045227,0.082297,0.0968,0.10359,0.097782,0.087247,0.082031,0.078472,0.078063,0.077078,0.086365,0.099927,0.097739,0.081579,0.080413,0.07444,0.073396,0.12546,0.15262,0.15015,0.13354,0.10183,0.12253,0.1452,0.14642,0.12664,0.10637,-0.094177,-0.079734,-0.084868,-0.080593,-0.089981,-0.11408,-0.11819,-0.11426,0.073254,0.028164,0.0075499,-0.01446,-0.030579,-0.031274,-0.033422,-0.022928,0.0024372,0.0276,0.072337
-0.12575,-0.11806,-0.10895,-0.09306,-0.071519,-0.043406,0.002449,0.041235,0.070084,0.095811,0.11378,0.12649,0.13136,0.093474,0.077209,0.06437,0.046772,0.026343,0.045619,0.066662,0.07959,-0.097895,-0.077394,-0.061689,-0.043386,-0.02887,-0.04371,-0.063941,-0.080477,0.015918,0.047437,0.08606,0.10166,0.11592,-0.019207,-0.051106,-0.078677,-0.10363,-0.1142,-0.054771,-0.016618,-0.00017266,0.01748,0.055744,0.022189,0.0018675,-0.023828,-0.020935,-0.025314,-0.035789,-0.035175,-0.027908,-0.00030171,0.024564,0.034877,0.029683,0.016104,0.014984,-0.033287,-0.079437,-0.11978,-0.15912,-0.18929,-0.21667,-0.22593,-0.21546,-0.19259,-0.15999,-0.1198,-0.074743,-0.02835,0.085369,0.10522,0.10786,0.09954,0.086353,0.083618,0.075954,0.079443,0.082044,0.10013,0.10481,0.098409,0.08471,0.076346,0.076642,0.078111,0.12819,0.14489,0.14433,0.14165,0.11079,0.11644,0.13653,0.13816,0.12994,0.099447,-0.11352,-0.083432,-0.091029,-0.079028,-0.10411,-0.13427,-0.1401,-0.13604,0.0613,0.01355,-0.010817,-0.031668,-0.037904,-0.037083,-0.034995,-0.02166,0.00048377,0.015395,0.064451
